<?xml version="1.0"?>

<portlet-app xmlns="http://java.sun.com/xml/ns/portlet/portlet-app_2_0.xsd" xmlns:xsi="http://www.w3.org/2001/XMLSchema-instance" xsi:schemaLocation="http://java.sun.com/xml/ns/portlet/portlet-app_2_0.xsd http://java.sun.com/xml/ns/portlet/portlet-app_2_0.xsd" version="2.0">
	<portlet>
		<portlet-name>Upload</portlet-name>
		<display-name>Upload</display-name>
		<portlet-class>com.dalrada.dashboard.file.upload.DalradaFIleUploadController</portlet-class>
		<init-param>
			<name>view-template</name>
			<value>/jsp/Reconcile1.jsp</value>
		</init-param>
		<expiration-cache>0</expiration-cache>
		<supports>
			<mime-type>text/html</mime-type>
		</supports>
		<portlet-info>
			<title>Upload</title>
			<short-title>Upload</short-title>
			<keywords>Upload</keywords>
		</portlet-info>
		<security-role-ref>
			<role-name>administrator</role-name>
		</security-role-ref>
		<security-role-ref>
			<role-name>guest</role-name>
		</security-role-ref>
		<security-role-ref>
			<role-name>power-user</role-name>
		</security-role-ref>
		<security-role-ref>
			<role-name>user</role-name>
		</security-role-ref>
	</portlet>
	<portlet>
		<portlet-name>Reconcile</portlet-name>
		<display-name>Reconcile</display-name>
		<portlet-class>com.dalrada.dashboard.file.upload.DalradaUploadedFIleReportController</portlet-class>
		<init-param>
			<name>view-template</name>
			<value>/jsp/Upload.jsp</value>
		</init-param>
		<expiration-cache>0</expiration-cache>
		<supports>
			<mime-type>text/html</mime-type>
		</supports>
		<portlet-info>
			<title>Reconcile</title>
			<short-title>Reconcile</short-title>
			<keywords>Reconcile</keywords>
		</portlet-info>
		<security-role-ref>
			<role-name>administrator</role-name>
		</security-role-ref>
		<security-role-ref>
			<role-name>guest</role-name>
		</security-role-ref>
		<security-role-ref>
			<role-name>power-user</role-name>
		</security-role-ref>
		<security-role-ref>
			<role-name>user</role-name>
		</security-role-ref>
	</portlet>
	<portlet>
		<portlet-name>demo</portlet-name>
		<display-name>demo</display-name>
		<portlet-class>com.dalrada.dashboard.file.upload.DalradaUploadedFIleReportController</portlet-class>
		<init-param>
			<name>view-template</name>
			<value>/jsp/record.jsp</value>
		</init-param>
		<expiration-cache>0</expiration-cache>
		<supports>
			<mime-type>text/html</mime-type>
		</supports>
		<portlet-info>
			<title>Reconcile</title>
			<short-title>Reconcile</short-title>
			<keywords>Reconcile</keywords>
		</portlet-info>
		<security-role-ref>
			<role-name>administrator</role-name>
		</security-role-ref>
		<security-role-ref>
			<role-name>guest</role-name>
		</security-role-ref>
		<security-role-ref>
			<role-name>power-user</role-name>
		</security-role-ref>
		<security-role-ref>
			<role-name>user</role-name>
		</security-role-ref>
	</portlet>
</portlet-app>